{"cameraMode":{"drawMode":0,"name":"Shaded","section":"Shading Mode"},"sceneLighting":false,"audioPlay":false,"sceneViewState":{"showFog":true,"showMaterialUpdate":false,"showSkybox":false,"showFlares":true,"showImageEffects":true,"showParticleSystems":true},"in2DMode":false,"pivot":{"x":-1.0392311811447144,"y":-2.126878023147583,"z":-3.790809392929077},"rotation":{"x":-0.007338622584939003,"y":-0.8991592526435852,"z":0.43735218048095705,"w":-0.015107555314898491},"size":15.8442964553833,"orthographic":false}