{"cameraMode":{"drawMode":0,"name":"Shaded","section":"Shading Mode"},"sceneLighting":false,"audioPlay":false,"sceneViewState":{"showFog":true,"showMaterialUpdate":false,"showSkybox":false,"showFlares":true,"showImageEffects":true,"showParticleSystems":true},"in2DMode":false,"pivot":{"x":-0.06760372966527939,"y":0.0729999989271164,"z":18.356407165527345},"rotation":{"x":-0.4346283972263336,"y":0.017844105139374734,"z":-0.008603452704846859,"w":-0.9004127979278565},"size":2.445401191711426,"orthographic":false}